{"1736712408.790439": [147.99999999999974, 344.00000000000034, 201.99999999999994, 329.0000000000001], "1736712410.5051928": [169.0, 471.0, 209.99999999999994, 473.0], "1736712415.9590926": [397.99999999999994, 329.0000000000001, -48.000000000000256, 344.00000000000034], "1736712419.1377962": [405.99999999999994, 473.0, -27.0, 471.0], "1736712421.557592": [-108.00000000000017, 494.9999999999999, -27.0, 471.0], "1736712423.933689": [-108.00000000000017, 494.9999999999999, -48.000000000000256, 344.00000000000034], "1736712524.0185962": [147.99999999999974, 344.00000000000034, 231.99999999999994, 165.00000000000014], "1736712529.3540573": [427.99999999999994, 165.00000000000014, 476.0, 196.00000000000037], "1736712532.871863": [672.0, 196.00000000000037, 451.0, 464.0], "1736712538.7894104": [647.0, 464.0, 712.9999999999999, 411.0000000000002], "1736712542.5312495": [647.0, 424.0, 713.0, 371.0], "1736712545.6564984": [647.0, 404.0, 713.0, 351.0], "1736712548.7229645": [647.0, 384.0, 713.0, 331.0], "1736712551.8153691": [647.0, 364.0, 713.0, 311.0], "1736712585.0073953": [672.0, 156.0, 451.0, 424.0], "1736712596.2574732": [672.0, 136.0, 451.0, 384.0], "1736712599.2967906": [672.0, 116.0, 451.0, 324.0], "1736712606.622678": [672.0, 96.0, 451.0, 304.0], "1736712609.7465847": [672.0, 76.0, 451.0, 344.0], "1736712619.3425548": [428.0, 125.0, 476.0, 156.0], "1736712621.3660364": [428.0, 105.0, 476.0, 136.0], "1736712623.4036257": [428.0, 85.0, 476.0, 116.0], "1736712802.1393425": [148.0, 304.0, 232.0, 125.0], "1736712810.5583074": [148.0, 284.0, 232.0, 105.0], "1736712814.9293022": [148.0, 264.0, 232.0, 65.0], "1736712818.5283275": [148.0, 244.0, 232.0, 45.0], "1736712825.332654": [428.0, 25.0, 476.0, 76.0], "1736712829.8860178": [428.0, 45.0, 476.0, 96.0], "1736712832.3087652": [428.0, 65.0, 476.0, 56.0]}